bling_id,nome,codigo,tipo_pessoa,documento,inscricao_estadual,situacao,telefone,celular,email,website,endereco,numero,bairro,cep,cidade,uf,observacoes
18074873468,LWSA S/A,29080,J,02351877001124,ISENTO,A,,,,,Rua Olavo Bilac,914,Imigrante,95702000,Bento Gonçalves,RS,
18065154851,PUBLI HOUSE BRASIL LTDA,28968,J,05239431000129,672232696119,A,(11) 2885-5275,,,,Avenida Senador Roberto Simonsen,1370,Jardim Imperador,08673270,Suzano,SP,
17993720163,Peak Importadora Ltda,27933,J,61048664000115,084557338,A,(27) 99699-1368,,,,R. Porto de Tubarão,280,"GALPAO. SALA 2, Civit I",29141180,Serra,ES,
17993717310,SEBASTIANA COMERCIAL LTDA,27932,J,60954095000104,154136115110,A,,,,,R Da Gloria,271,Liberdade,01510001,São Paulo,SP,
17993715549,57.528.571 LIGIA FERREIRA DE ANDRADE,27931,J,57528571000110,151092047118,A,,,,,R Oldegard Olsen Sapucaia,66,Jardim Luso,04421000,São Paulo,SP,
17993712114,AMG COMERCIO DE FLORES LTDA,27930,J,56390661000125,263084779,A,(47) 99111-0234,,,,Rua DONA FRANCISCA,81,AREIAS DE BAIXO,88190000,Governador Celso Ramos,SC,
17993708905,WL BENEFICIAMENTO TEXTIL LTDA,27929,J,52150526000151,262522144,A,(47) 99220-0118,,,,RUA IPIRANGA,60,SOUZA CRUZ,88354420,Brusque,SC,
17993699799,MAVICAZZA ARC LTDA,27928,J,36525623000125,681098916117,A,,,,,RUA ORIVALDO ALVES OLIVEIRA,074,PARQUE IMPERIAL,15172410,Tanabi,SP,
17993694884,R-TRADE COMERCIAL IMPORTADORA LTDA,27927,J,16845496000134,256830894,A,(47) 3344-5322,,,,Rua: Prefeito Manoel Evaldo Muller,3366,Volta Grande,88371680,Navegantes,SC,
17993690057,TUDAO TECH LTDA,27926,J,11389858000106,0015146990077,A,(31) 98484-4947,,,,AVENIDA MIGUEL BARTOLOMEU,255,FAZENDA DA TAPERA,32150244,Contagem,MG,
17993687824,RKS INFORMATICA COMERCIO E SERVICOS LTDA,27925,J,11332583000174,082696268,A,(27) 3019-9999,,,,Rua Sete de Setembro,515,Centro de Vila Velha,29100301,Vila Velha,ES,
17993677506,TECNOPAR TECNOLOGIA EM AUTOMACOES LTDA,27924,J,08829865000177,9040471208,A,,,,,Rua Benjamim Constant,739,Nao informado,84600290,União da Vitória,PR,
17993676475,M.M.R. TAVARES LTDA,27923,J,06790159000133,606198058112,A,(19) 3457-2147,,,,Rua Holanda,1739,Jardim Europa I,13455441,Santa Bárbara D'Oeste,SP,
17942096292,TATI RAQUEL PIRES LTDA,27535,J,49595213000100,262146479,A,,,,,RUA NEREU RAMOS,419,CENTRO,88780000,Imbituba,SC,
17942083727,KAZUO MAGAZINE LTDA,27534,J,45477259000166,134434245117,A,(11) 99711-4142,,,,Avenida Deputado Emilio Carlos,118,Limao,02720000,São Paulo,SP,
17942071419,AFC COMERCIO VAREJISTA DE COMPONENTES ELETRONICOS LTDA,27533,J,18983263000123,127679413110,A,(11) 3090-1236,,,,Avenida Papa Joao Paulo I,4006,Residencial Parque Cumbica,07174005,Guarulhos,SP,
17941993847,FACILIT IMPORT. E DISTRIB. LTDA,27532,J,05563948000179,254532349,A,(47) 3325-1710,,,,RUA BERNARDO REITER,214,VELHA,89046200,Blumenau,SC,
17941948366,REFRIGERACAO DUFRIO COM E IMP S.A.,27531,J,01754239004611,0018855260600,A,,,,,Av Cristiano Machado,8853,Sao Bernardo,31741401,Belo Horizonte,MG,
17903207504,INDUSTRIA TEXTIL APUCARANA LTDA,27358,J,75284224001496,261418963,A,,,,,AV PRIMEIRO DE MAIO,38,PRIMEIRO DE MAIO,88353201,Brusque,SC,
17903204692,RELOAD MAX LTDA,27357,J,63704722000147,156829084110,A,,,,,MARIA CURUPAITI,441,VILA ESTER  ZONA NORTE,02452001,São Paulo,SP,
17903178502,WORD IMPORTS LTDA,27356,J,41800036000137,0040375080058,A,(31) 98621-4203,,,,R Cleonice Coelho De Oliveira,143,Nova Uniao,33861525,Ribeirão das Neves,MG,
17903139889,PAPEIS & PAPEIS - PAPELARIA E INFORMATICA LTDA,27355,J,07911143000102,255159161,A,(47) 3348-1920,,,,Rua ESTUDANTE RENATO VICTORINO,270,DOM BOSCO,88307250,Itajaí,SC,
17870536244,MOVE DISTRIBUIDORA SOLAR LTDA,27271,J,47471689000104,261842676,A,(47) 99160-5708,,,,RUA LAURO ZIMERMAN,1224,ESOLINHA,89270000,Guaramirim,SC,
17870534820,ARTE DA EMILLY LTDA,27270,J,45115614000157,134137914112,A,(11) 98681-8760,,,,Estrada da Riviera,3010,Jardim Figueira Grande,04916000,São Paulo,SP,
17870500256,Brasil Botoes Ltda,27269,J,05480257000101,254713629,A,(47) 3370-3011,,,,RUA ALWIN MEIER,77,JARAGUA 99,89260840,Jaraguá do Sul,SC,
17836408099,MA COMERCIO DE PRODUTOS ELETRONICOS LTDA,27194,J,22005727000102,9097375248,A,(21) 96421-2496,,,,R Luiz Carlos Zani,299,Parque Industrial,86200000,Ibiporã,PR,
17836405581,VG LASER COMERCIO E REPARACAO DE MAQUINAS,27193,J,43075026000101,131750207112,A,(11) 96641-1826,,,,Rua Professor Jose de Sousa,30,Parque Boturussu,03801010,São Paulo,SP,
17812550581,TARUMA AGROPECUARIA COMERCIAL LTDA,27128,J,57283327000135,114893068112,A,(11) 99360-3266,,,,Avenida Imperatriz Leopoldina,1572,Vila Leopoldina,05305002,São Paulo,SP,
17812543887,GMS SHOPP LTDA,27127,J,55363818000160,14768483,A,(19) 9708-9610,,,,Rua Barao,717,Praca Seca,21321620,Rio de Janeiro,RJ,
17812529950,JASK VARIEDADES LDA,27126,J,53776798000124,135164092114,A,,,,,R Joao Ventura Batista,200,Vila Guilherme,02054100,São Paulo,SP,
17811864141,LULU MIX COMERCIO DE VARIEDADES LTDA,27123,J,50768952000209,135997484115,A,,,,,Via Anhanguera,S/N,Nao informado,05275000,São Paulo,SP,
17811789616,PARIS BC LTDA,27121,J,47242915000177,261813838,A,(11) 99999-9999,,,,AVENIDA ATLANTICA,2010,AVENIDA ATLANTICA N 3640,88330024,Balneário Camboriú,SC,
17811752717,BIHOUSE TELECOM LTDA,27120,J,30018953000148,9077694533,A,(41) 99625-8506,,,,Rua Rio Negro,1049,Weissopolis,83322030,Pinhais,PR,
17811680793,RICARDO CORDEIRO VILLANO,27118,J,18796906000120,142756345118,A,(11) 97620-9677,,,,Rua Articura,56,Vila Isolina Mazzei,02084150,São Paulo,SP,
17747918269,RB CADEIRAS E ACESSORIOS PARA MOVEIS LTDA,26729,J,46800208000196,127695640112,A,(11) 96608-1983,,,,AV REGIS,540,CUMBICA,07180120,Guarulhos,SP,
17747913929,EHF SUPRIMENTOS CORPORATIVOS E DOMESTICOS LTDA,26728,J,41728587000137,131076960118,A,(11) 97752-6691,,,,Rua Cesario Alvim,263,Belenzinho,03054000,São Paulo,SP,
17747903695,MIRANTE IND. E COM. LTDA,26727,J,23966188000122,257853740,A,(47) 3397-4281,,,,RUA ANFILOQUIO NUNES PIRES,5021,BELA VISTA,89111081,Gaspar,SC,
17747896511,P2P purificadores de agua LTDA,26726,J,17443119000131,11526918,A,(21) 99313-0000,,,,Rua Barata Ribeiro,370,Copacabana,22040901,Rio de Janeiro,RJ,
17747882785,J I DOS SANTOS TOTAL FILTROS LTDA,26725,J,11433068000180,082866635,A,,,,,Rua Amsterdam,087,Aracas,29103098,Vila Velha,ES,
17747859987,HIPER DIFERENTE ATACADO DE VARIEDADES LTDA,26724,J,08698239000199,255352565,A,,,,,AV MARGINAL LESTE,600 -,CENTRO,88330116,Balneário Camboriú,SC,
17742831528,MAXIMOLAB COMERCIO DE PRODUTOS LABORATORIAS IMPORTACAO E EXP,26705,J,34078272000126,279100861118,A,(16) 99407-1223,,,,R Lucas Ferdinando,956,Jardim Julia,14140000,Cravinhos,SP,
17727668440,RE9 COMERCIO DE BRINDES LTDA,26613,J,57332618000176,9109710188,A,(41) 99695-5186,,,,RUA RIO NEGRO,215,JARDIM TRES RIOS,83603150,Campo Largo,PR,
17696338070,MORAIS SANTOS COMERCIO E CONSULTORIA LTDA,26463,J,12365923000398,0049224930085,A,,,,,R Lamartine Silva Paiva,1070,Jardim Olimpico,37558449,Pouso Alegre,MG,
17683617547,CUSTOM APLIQUES LTDA,26425,J,59786370000149,263469522,A,(47) 3351-3319,,,,RUA POCO FUNDO,N.80,PRIMEIRO DE MAIO,88353538,Brusque,SC,
17683598074,TEXTIL FARBE S.A.,26424,J,81303463000477,255702124,A,(47) 3330-6562,,,,RUA DR. BLUMENAU,7625,ENCANO,89086550,Indaial,SC,
17683580770,CRONUS STORE LTDA,26422,J,56097402000100,263060632,A,,,,,Av Irineu Bornhausen,360,Sao Joao,88304000,Itajaí,SC,
17683416930,GVS PROMOCIONAL LTDA,26420,J,40859098000151,130626283113,A,,,,,Rua Taquari,1166,Mooca,03166001,São Paulo,SP,
17683389119,THYAGO ANTUNES DIMOV 45386143867,26419,J,31567037000120,123259492119,A,(11) 3892-9383,,,,Rua Agostinho da Faria,482,Cidade Lider,08280100,São Paulo,SP,
17683305308,PLATINUM CONSULTORIA E E-COMMERCE LTDA,26417,J,07684724000140,582694441115,A,(11) 98771-6611,,,,Rua Amelia de Oliveira Rosseto,201,Parque das Figueiras,14065690,Ribeirão Preto,SP,
17629634181,KOCH HIPERMERCADO S/A,26205,J,02831172006254,261309889,A,(47) 3228-8120,,,,RUA VEREADOR ANTONIO PEREIRA,4037,SANTO ANTONIO,88380000,Balneário Piçarras,SC,
17605709975,RIO DO NORTE DISTRIBUIDORA - LTDA,26004,J,36094074000181,133276743113,A,(11) 95927-7849,,,,Rua Cabo Joao Monteiro da Rocha,79,Jardim Japao,02142020,São Paulo,SP,
17605709243,TRILHA TECNOLOGIA E SERVICOS,26003,J,48519063000185,135688808110,A,,,,,LEVY DA SILVA,45,JARDIM AMARALINA,05570130,São Paulo,SP,
17605708732,RAMOS COMERCIO DE VARIEDADES LTDA,26002,J,47349810000111,407967657112,A,(11) 94556-8464,,,,Rua Francisco Fernandes,44,Jardim Carlos Gomes,13216240,Jundiaí,SP,
17605708012,Comercial ipiranga de tintas ltda,26001,J,09440709000182,165368981112,A,(19) 99501-4487,,,,Avenida Nossa Senhora de Fatima,264,Loteamento Israel,13478540,Americana,SP,
17592124030,CRIATIVA EMBALAGENS DE PAPEL INDUSTRIA E COMERCIO LTDA,25931,J,05140910000193,9026809182,A,(41) 99720-8575,,,,R Apucarana,629,Sitio Cercado,81900500,Curitiba,PR,
17573331913,NOVA STYLOS COMERCIO DE ROUPAS EM GERAL,25821,J,36556242000103,136088734113,A,(11) 96827-1642,,,,RUA CONSELHEIRO BELISARIO,60,BRAS,03012000,São Paulo,SP,
17570324566,THE SAILOR LTDA,25792,J,51714504000104,262457458,A,,,,,R LAURO MULLER,170,CENTRO,88301400,Itajaí,SC,
17570321305,ETIQUEJA COMERCIO DE ETIQUETAS LTDA,25791,J,42427315000160,131433080112,A,(11) 99606-4521,,,,Rua Cumanaxos,350,Vila Santana,03613010,São Paulo,SP,
17561800580,FAVARETTO'S INDUSTRIA E COMERCIO DE TECIDOS LTDA,25753,J,56484397000199,165080932112,A,(19) 3468-3546,,,,RUA ANTONIO CIA,242,SANTA CRUZ,13477450,Americana,SP,
17559925755,GRAFICA SCHNEIDER,25744,J,29723835000151,260647128,A,(47) 98410-2220,,,,Rua Deputado Aldo Pereira de Andrade,572,Benedito,89084465,Indaial,SC,
17534901734,Printbag Embalagens Ltda,25567,J,07599090000128,255054513,A,(47) 3241-9000,,,,R. Jose Francisco Bernardes,1751,Areias,88345200,Camboriú,SC,
17534400598,ECOFLEX BRASIL LTDA,25565,J,46323944000109,261903772,A,(47) 9943-9939,,,,DOUTOR FRANCISCO KUEBEL,138,AGUA VERDE,89037232,Blumenau,SC,
17527022142,SULTEX IMPORTACAO E EXPORTACAO LTDA,25526,J,10899939000193,255888791,A,(19) 3471-3862,,,,RODOVIA SC 417,6745,DISTRITO INDUSTRIAL LESTE,89248000,Garuva,SC,
17509994508,BTN EMBALGENS LTDA,25481,J,52608648000149,262594021,A,(47) 3308-7984,,,,Rua Jose Dirschnabel,1037,Centro,88360000,Guabiruba,SC,
17498424670,CLICHE GRAPH Matrizes Flexograficas Ltda,25458,J,41929610000151,261074989,A,,,,,Rua Prof. Jacob Ineichen - Sala 03,1430,Itoupavazinha,89066600,Blumenau,SC,
17498406264,DIKLATEX INDUSTRIAL TEXTIL S/A,25457,J,72020118000192,253848903,A,(47) 3451-9500,,,,R. DOROTHOVIO DO NASCIMENTO,2500,JARDIM SOFIA,89223600,Joinville,SC,
17436814954,GOES & GOES DE FRANCA LTDA,25171,J,00007052000190,310196513110,A,,,,,Avenida Doutor Helio Palermo,5391,Recanto do Itambe,14402020,Franca,SP,
17392047065,EUGENIO RAULINO KOERICH S/A COM. INDUSTRIA,25023,J,86184074008710,255263058,A,(47) 3345-2624,,,,AV NEREU RAMOS,51,CENTRO,88380000,Balneário Piçarras,SC,
17328153551,PLANETA PROPAGANDA LTDA,24807,J,11143924000163,255941471,A,(47) 3522-7026,,,,Adolfo kolping,433,Canta galo,89163216,Rio do Sul,SC,
17223606221,ENGECOM COMERCIO E MANUTENCAO DE COMPRESSORES LTDA,24167,J,03008156000107,253861683,A,(47) 3348-6258,,,,RUA FRANCISCO DE PAULA SEARA,565,SAO JUDAS,88303390,Itajaí,SC,
17223572364,ALLEGORIA COMERCIAL LTDA,24163,J,05703610000256,257459111,A,(31) 2125-2300,,,,BECO MEDEIROS,664,SAO PEDRO,88351560,Brusque,SC,
17221898134,TEPACK EMBALAGENS LTDA - EPP,24139,J,08149587000107,255219423,A,(48) 3265-0789,,,,RUA NEREU RAMOS,84,CENTRO,88240000,São João Batista,SC,
17221895893,OTTI Import e Export Ltda,24138,J,48833011000340,263086771,A,(47) 3308-7364,,,,R. Carlos Zen,40,BATEAS URBANO,88355573,Brusque,SC,
17165366245,Grafica e Editora 3 de Maio Ltda.,23656,J,76817808000128,250980266,A,(47) 3328-3333,,,,Rua Bahia,8945,Passo Manso,89032525,Blumenau,SC,
17147521614,FS CENTRAL LASER LTDA,23639,J,54784801000114,0910414548,A,(54) 99148-7605,,,,Rua Gfeneral Canabarro,779,Centro,99010190,Passo Fundo,RS,
17111823699,JSE INDUSTRIA E COMERCIO DE CINTOS LTDA.,23555,J,50269009000170,262250020,A,(48) 9822-0878,,,,OTHILIA PISTUM CUQUE,35,JARDIM SAO PAULO,88240000,São João Batista,SC,
17111822941,METAIS VIVER LTDA,23554,J,57823525000144,263229718,A,(48) 8826-1081,,,,R ERICO MARCHI,SN,CENTRO,88270000,Nova Trento,SC,
17090973310,ARCHNEER IMPRESSAO 3D EIRELI,23433,J,27276050000152,258270209,A,(47) 3170-0975,,,,Rua Adao Duque,37,Centro,88380000,Balneário Piçarras,SC,
17090972296,"ROYAL BLUE COMERCIO, IMPORTACAO E EXPORTACAO LTDA",23432,J,14014761000298,256514127,A,(47) 3319-1127,,,,Rua: Prefeito Manoel Evaldo Muller,3366,Volta Grande,88371680,Navegantes,SC,
17058741533,HIPER DIFERENTE ATACADO DE VARIEDADES LTDA,23332,J,08698239000270,262867990,A,,,,,R VEREADOR ABRAHAO JOAO FRANCISCO,4263 -,CARVALHO,88307302,Itajaí,SC,
17018721265,EXCIM Importacao e Exportacao Ltda.,23174,J,02384871000858,083125183,A,(27) 3064-5900,,,,Rua Santa Sarmenghi Devens,190,Segato,29192115,Aracruz,ES,
16990533186,Ativa Trading Ltda,23058,J,26766610000275,258962712,A,(11) 3308-7364,,,,R. Carlos Zen,40,Bateas,88355573,Brusque,SC,
16930988432,GALERIA DAS MALHAS E TECIDOS LTDA,22792,J,11015569000147,9053609225,A,(41) 3287-5848,,,,R DOUTOR BLEY ZORNIG,1138,BOQUEIRAO,81730350,Curitiba,PR,
16930905062,100 LIMITES EQUIPAMENTOS CONTRA INCENDIO LTDA,22789,J,33517888000193,260096202,A,(47) 99139-6697,,,,R RUBENS NICOLUZZI,47,NOSSA SENHORA DE FATIMA,88385000,Penha,SC,
16906145958,DLIMPO LTDA,22613,J,20434687000180,257382240,A,(47) 3248-0393,,,,Rua Paulo Fuck,87,Nova Brasilia,88305420,Itajaí,SC,
16877156633,FCA FIAT CHRYSLER AUTOMOVEIS BRASIL,22199,J,16701716003686,053213106,A,(08) 13616-4025,,,,Rod. BR101 - Norte,S/N,Nova Goiana,55900000,Goiana,PE,
16877154903,BRASFAMA DECORACOES LTDA.,22198,J,00457146000160,114218263110,A,(11) 3227-1375,,,,RUA 25 DE MARCO,477,SE,01021100,São Paulo,SP,
16877154620,AUTOBARIGUI COMERCIO DE VEICULOS LTDA,22197,J,31264770000760,262653869,A,(45) 3512-6356,,,,RUA QUINZE DE NOVEMBRO,4262,GLORIA,89216201,Joinville,SC,
16877153322,CARPLAC INDUSTRIA E COMERCIO DE PLACAS VEICULARES LTDA,22196,J,25332620000159,258257580,A,(47) 3435-3500,,,,Rua Almirante Barroso,855,America,89204200,Joinville,SC,
16854471792,LITORAL COMERCIO EXTERIOR LTDA,22067,J,05231614000602,261330721,A,(02) 73320-8777,,,,RODOVIA ROD BR 280,7199,GUAMIRANGA,89270000,Guaramirim,SC,
16826903193,MAPFRE SEGUROS GERAIS S.A.,21934,J,61074175000138,108244683111,A,,,,,Avenida das Nações Unidas,14261,,04794000,São Paulo,SP,
16796057431,OI S/A.,21608,J,76535764032185,9020613634,A,,,,,Trav Teixeira de Freitas,75,Merces,80410040,Curitiba,PR,
16766954722,KPERCON SISTEMAS DE PONTO E CONTROLE DE ACESSO LTDA,21491,J,39874252000185,9092144329,A,(41) 99122-8787,,,,R REINALDO JOSE MIRANDA,94,ALTO TARUMA,83325625,Pinhais,PR,
16733566213,KI DELICATESSE LTDA,21281,J,08217188000136,255233396,A,(47) 3393-6088,,,,R 1061,432,CENTRO,88330771,Balneário Camboriú,SC,
16727584745,TINTAX COMERCIO DE TINTAS LTDA,21256,J,45077176000180,261519530,A,(47) 3368-9991,,,,"RUA 2700, 1121",1121,CENTRO,88330378,Balneário Camboriú,SC,
16716555796,CASA DO MDF E FERRAGENS COMERCIAL LTDA,21220,J,48000159000728,262192365,A,(xx) 3344-3509,,,,RUA SANTA CECILIA,085,VARZEA DO RANCHINHO,88349153,Camboriú,SC,
16716554334,EUGENIO RAULINO KOERICH S/A COM. INDUSTRIA,21219,J,86184074014109,258293306,A,,,,,R PAULO ZIMMERMANN,455,BOM VIVER,88160580,Biguaçu,SC,
16701129161,PJPB ELASTICOS LTDA,21058,J,53578458000199,262723522,A,(47) 99240-2481,,,,RUA VEREADOR INACIO VICENTE COTA,90,SAO CRISTOVAO,88385000,Penha,SC,
16692864204,AN COMUNICACAO VISUAL E ESTRUTURAS METALICAS LTDA,21015,J,14765219000196,256599190,A,(47) 3375-0060,,,,RUA JOAO TOZINI,97,JOAO TOZINI,89278000,Corupá,SC,
16685220947,DISTRIBUIDORA LIMPO LTDA,20940,J,20446817000103,257383298,A,(47) 3248-0393,,,,RUA PAULO FUCK,87,BARRA DO RIO,88305420,Itajaí,SC,
16659198354,2ELETRO COMERCIO E DISTRIBUICAO DE PRODUTOS DE INFORMATICA L,20785,J,34036601000508,0034783330395,A,(03) 13010-4500,,,,Rua Domingos de Souza,98,Caicaras,31230040,Belo Horizonte,MG,
16659135954,CICAMPO MAQUINAS E FERRAMENTAS LTDA ME,20784,J,80479231000169,251595757,A,(47) 3382-0931,,,,"RUA JAPAO, 330",0,NACOES,89120000,Timbó,SC,
16649046826,TERABYTE ATACADO E VAREJO DE PRODUTOS DE INFORMATICA LTDA,20727,J,07993973000460,083978232,A,(41) 3086-2957,,,,Avenida Civit I,1795,Barro Branco,29170740,Serra,ES,
16633016922,EBAZAR.COM.BR. LTDA,20615,J,03007331001032,0038450760305,A,,,,,Avenida Joaquim Lourenco de Lima,450,Nao informado,37640000,Extrema,MG,
16572956743,Sandra Regista da Costa Silva,19757,F,07415418824,,A,(12) 98227-7616,(12) 98227-7616,sandra.costa010@hotmail.com,,Armando de Oliveira Cobra,0,Parque Residencial Aquarius,12246002,São José dos Campos,SP,
16547258914,GRAMPACK SOLUCOES EM EMBALAGENS LTDA,19088,J,37241434000193,260516520,A,(47) 99190-4499,,,,RUA INDUSTRIAL LEOPOLDO SCHMALZ,361,SETE DE SETEMBRO,89114742,Gaspar,SC,
16525212342,ITA METAIS COMERCIO DE MATERIAIS ESPORTIVOS LTDA,18975,J,95773925000181,252572386,A,(47) 3348-2849,,,,Rua Uruguai,880,Centro,88302202,Itajaí,SC,
16523086451,Não definido,18968,F,,,A,,,,,,,,,, ,
16504111265,MERCADOMOVEIS LTDA,18922,J,77500049020163,257142410,A,(47) 3345-4374,,,,AVENIDA NEREU RAMOS,92,CENTRO,88380000,Balneário Piçarras,SC,
16490200769,CLARO S.A,18889,J,40432544107022,261081896,A,,,,,RUA DO COMERCIO,155,PACHECOS,88134852,Palhoça,SC,
16457019192,SOUL INDUSTRIA DE TECIDOS LTDA,18790,J,35588873000222,260520489,A,(47) 3304-0066,,,,Avenida Frei Godofredo,2550,Santa Terezinha,89114440,Gaspar,SC,
16454730518,VMF Malharia LTDA,18773,J,74447996000114,115599270111,A,(11) 2064-9662,,,,Avenida Henry Ford,354,Parque da Mooca,03109000,São Paulo,SP,
16454730153,CREATIVE COPIAS LTDA - FILIAL ES,18772,J,03769753000316,083641998,A,,,,,ROD. GOVERNADOR MARIO COVAS,S/N,TERMINAL INTERMODAL DA SERRA,29161382,Serra,ES,
16442082211,DISTRIBUIDORA DE ALIMENTOS DEQUECH LTDA.,18678,J,79941894000174,251489299,A,(47) 3373-7700,,,,"BR 280, KM 53",8555,ESCOLINHA,89270000,Guaramirim,SC,
16435765478,ESPACO DO OLEO ITAJAI LTDA,18650,J,24551529000161,257929665,A,(47) 3045-7565,,,,RUA HEITOR LIBERATO,2367,SAO JUDAS,88303101,Itajaí,SC,
16399017388,CASA DA VASSOURA DESCARTAVEIS E ARMARINHOS EIRELI,18483,J,31417915000120,119928375117,A,(11) 4175-1994,,,,Avenida Morvan Dias de Figueiredo,5241,Vila Maria,02170000,São Paulo,SP,
16301849595,IBIRAPUERA TEXTIL LTDA,17700,J,60837713000136,165099155113,A,(19) 3465-8787,,,,RUA JOAO TRUZZY,485,JARDIM PROGRESSO,13477220,Americana,SP,
16301821963,RP TRIAL ESQUADRIAS DE PVC E VIDROS LTDA,17698,J,10830670000199,255862865,A,(48) 3632-4038,,,,Rua Vereador Manoel Brigido Costa,500,Humaita,88704320,Tubarão,SC,
16256613794,IMPRA INDUSTRIA GRAFICA LTDA,17104,J,28045354000503,9085239896,A,(41) 3180-0930,,,,AVENIDA FRANCISCO FERREIRA DA CRUZ,6030,EUCALIPTOS,83820293,Fazenda Rio Grande,PR,
16256501020,VW COMERCIO DE HIDRAULICA E PLASTICOS INDUSTRIAIS EIRELI - E,17099,J,19218815000170,142990542115,A,(11) 2609-3222,,,,RUA BOM PASTOR,1309,IPIRANGA,04203051,São Paulo,SP,
16232441043,TERABYTE ATACADO E VAREJO DE PRODUTOS DE INFORMATICA LTDA,16952,J,07993973000380,257944265,A,(41) 3086-2957,,,,Rua Ottokar Doerffel,1112,Atiradores,89203212,Joinville,SC,
16231076949,RAFTHEL INDUSTRIA E COMERCIO LTDA.,16939,J,85371243000199,253997348,A,(47) 3037-3500,,,,RUA MARTHA JANSEN,66,SALTO WEISSBACH,89032249,Blumenau,SC,
16128209503,FRONZA ARAMADOS LTDA,15989,J,23726324000107,257822330,A,(47) 3363-1409,,,,BR 101 KM 126 S/NR,0,ESTADOS,88339515,Balneário Camboriú,SC,
16119281581,SULNOVE INDUSTRIA DE EMBALAGENS LTDA,15918,J,06889781000101,254811620,A,(47) 3373-3300,,,,R EMILIO MANKE JUNIOR,75,BEIRA RIO,89270000,Guaramirim,SC,
16083274753,PARIS MANEQUINS EIRELI ME,15481,J,73870073000108,252782941,A,(47) 3350-3030,,,,Rodovia ANTONIO HEIL,2188,NOVA BRASILIA,88352501,Brusque,SC,
16073456485,ANJO DA MODA ACESSORIOS TEXTE,15358,J,06211484000102,254756301,A,(47) 3037-2525,,,,RUA GENERAL ARTHUR KOEHLER,N.197,VILA NOVA,89035212,Blumenau,SC,
16025751902,LEPOK COMERCIO ELETRONICO EIRELI,13375,J,14252353000193,146468673112,A,(11) 2672-7400,,,,"AVENIDA RIO DAS PEDRAS, 548",548,JARDIM ARICANDUVA,03452000,São Paulo,SP,
16025726699,ACOFORTECHAPAS COMERCIO DE ACO LTDA,13374,J,11788324000152,256085897,A,(47) 3366-4334,,,,RUA FRANCISCO REIS,655,CORDEIROS,88311710,Itajaí,SC,
16025598172,Americanas S.A,13372,J,00776574001390,79538914,A,,,,,Est de Miguel Pereira,125,São Miguel,23893890,Seropédica,RJ,
16011334575,Tudo da 25,13244,J,17908108000180,142277321114,A,(11) 95628-5116,,,,Rua da Gloria,918,Liberdade,01510000,São Paulo,SP,
15986128794,RILTEX INDUSTRIA E COMERCIO DE TECIDOS LTDA,13099,J,11779689000110,256069468,A,,,,,RUA: ALBERTO MULLER,2711,LIMEIRA BAIXA,88356001,Brusque,SC,
15947022996,LARANJA COMERCIO DE PRODUTOS DE LIMPEZA LTDA,12933,J,43469083000175,261295250,A,,,,,R DA PAZ,19,ITACOLOMI,88380000,Balneário Piçarras,SC,
15923588953,Press Comunicacao Visual,12793,J,07549068000173,255540680,A,4733610199,,,,Rua 2000,1585,Centro,88330468,Balneário Camboriú,SC,
15921396123,DROGARIA ARAUJO S.A. FILIAL 0700 E-COMMERCE BRASIL,12771,J,17256512000892,0620098980784,A,(30) 0313-1010,,,,AVENIDA OLEGARIO MACIEL,158,CENTRO,30180110,Belo Horizonte,MG,
15916480752,L E L CORREA CONFECCOES LTDA,12732,J,86889615000136,9045305225,A,4132445485,,,,R AUGUSTO DIAS PAREDES,161,BOQUEIRAO,81730100,Curitiba,PR,
15914363974,Stela (Costureira),12704,J,,ISENTO,A,,,,,,,,,,,
15909667390,LD COMERCIO VAREJISTA DE AVIAMENTOS LTDA,12655,J,45330062000108,261553860,A,(47) 3351-3557,,,,AV. DOM JOAQUIM,n.470,JARDIM MALUCHE,88354025,Brusque,SC,
15906891414,Espaço do Oleo,12635,J,,,A,,,,,,,,,,,
15904538471,Motoboy,12622,J,,,A,,,,,,,,,,,
15891939002,TRANSBEN TRANSPORTES LTDA 1212 TRES,12530,J,03523549000310,283933372,A,4733500937,,,,RUA LINHA VARGINHA,7000,JARDIM DAS PAINEIRAS,79601970,Três Lagoas,MS,
15884079292,Adilson de Aguiar ME,12452,J,08253980000146,255250436,A,47997825914,,,,Rua Carlos Maia,443,Centro,88390000,Barra Velha,SC,
15879746741,PLASPEN EMBALAGENS E LIMPEZA LTDA,12423,J,42133229000144,261104900,A,(47) 3398-0658,,,,AV EUGENIO KRAUSE,535,CENTRO,88385000,Penha,SC,
15879664133,BORDADOS IMPERATRIZ LTDA,12421,J,08593216000110,255322801,A,(47) 9186-9584,,,,RUA: LONTRAS,118,RIO MORTO,89082378,Indaial,SC,
15879648221,Americanas S.A,12420,J,00776574002442,0570348790,A,,,,,Rod RS-118,9475,Neopolis,94100420,Gravataí,RS,
15873739932,LH REFRIGERAÇÃO E CLIMATIZAÇÃO,12369,J,,,A,,,,,,,,,,,
15871376379,FENAC S.A. FEIRAS E EMPREENDIMENTOS TURISTICOS,12321,J,87189106000163,,A,,,,,,,,,,,
15858273350,TW TRANSPORTES E LOGISTICA LTDA,12148,J,89317697003743,492529354117,A,1135132221,,,,RUA CONSTANTE PIOVAN,1361,JD TRES MONTANHAS,06276038,Osasco,SP,
15858207578,RODONAVES TRANSP E ENCOMENDAS LTDA,12140,J,44914992002777,0963049968,A,,,,,AVENIDA WILLY EUGENIO FLECK,505,RUBEM BERTA,91150180,Porto Alegre,RS,
15858183705,REUNIDAS TRANSPORTES S/A,12134,J,04176082000938,0026537170079,A,3432190477,,,,PC DA BIBLIA,200,MARTINS,38400476,Uberlândia,MG,
15851041319,RUAN DANIEL FEDERLE ME,11885,J,28485304000105,0560102305,A,54999984962,,,,RUA JOAO PETRY,198,CENTRO,95670000,Gramado,RS,
15824866129,ERBS INDÚSTRIA E COMÉRCIO DE CONSERVAS E ALIMENTOS LTDA,11492,J,40806166000114,ISENTO,A,,,,,,,,,,,
15824252876,COMPANHIA TECIDOS SANTANENSE,11482,J,21255567000260,3380587770070,A,(37) 3249-1400,,,,RUA DR. ALCIDES GONCALVES,1500,SANTANENSE,35681184,Itaúna,MG,
15821210410,JT MATERIAIS DE CONSTRUÇÃO LTDA,11448,J,78820461000106,251187101,A,4733450860,,,,AV: EMANOEL PINTO,403,CENTRO,88380000,Balneário Piçarras,SC,
15821204631,EURO Produtos de Higiene e Limpeza,11447,J,46319012000184,261686763,A,(47) 3348-6300,,,,Rua Jose Mariano Furtado,95,Ressacada,88307260,Itajaí,SC,
15821190569,RODOPOSTO GPS COMERCIO DE COMBUSTIVEIS LTDA,11446,J,12974857000191,256274223,A,(47) 3345-4730,,,,RODOVIA BR 101,2051,NOSSA SENHORA DA CONCEICAO,88380000,Balneário Piçarras,SC,
15821186415,AUTO POSTO JAM LTDA EPP,11445,J,10527743000178,3200013410,A,5192320295,,,,RUA OSMANI VERAS,2660,OLARIA,95535000,Terra de Areia,RS,
15820752780,TRAMONTINA VAREJO UTILIDADES LTDA,11441,J,03340997000117,0260025798,A,5434617750,,,,RUA MAURICIO CARDOSO,193,CENTRO,95185000,Carlos Barbosa,RS,
15817922526,FULLFACE SÃO PAULO 2023f,11410,J,,ISENTO,A,,,,,,,,,,,
15804294740,KOCH HIPERMERCADO S/A,10835,J,02831172003077,260117889,A,,,,,RODOVIA PAULO STUART,628,NOSSA SENHORA DA PAZ,88380000,Balneário Piçarras,SC,
15798487109,CASA DO MDF CAMBORIU COM. DE MADEIRA E ART. LTDA,10535,J,07252938000148,254950515,A,4733618094,,,,RUA SANTA CECILIA,85,VARZEA DO RANCHINHO,88340000,Camboriú,SC,
15787491723,ALGAR SOLUCOES EM TIC S/A,10233,J,22166193001917,258421118,A,3425894662,,,,R CESAR AUGUSTO DALSOQUIO,5001,SALSEIROS,88311500,Itajaí,SC,
15780542957,RUDNEI SANTOS DA SILVA,10153,J,00348108000331,258227850,A,4733454488,,,,RODOVIA: PAULO STUART WRIGHT,13,NOSSA SENHORA DA PAZ,88380000,Balneário Piçarras,SC,
15778520638,ASTROLIMP MATERIAIS DE LIMPEZA HIEGIENE E ESCRITOR,10124,J,45687270000150,261600877,A,(47) 3240-0930,,,,"AV EUGENIO KRAUSE, SALA 02",604,CENTRO,88375000,Penha,SC,
15763179977,Lineart HP Impressos Eireli,9987,J,32475168000140,258961791,A,(47) 3042-0544,,,,Rua Arthur Lindner,53,Salto Weissbach,89032180,Treze de Maio,SC,
15761529483,R HERTZ & CIA LTDA,9975,J,01084652000114,1001018740,A,4132245692,,,,RUA: VOLUNTARIOS DA PATRIA,262,CENTRO,80020000,Curitiba,PR,
15756533629,AUTO POSTO OURO VERDE,9934,J,54052204000103,574013643116,A,1338213922,,,,ROD REGIS BITTENCOURT,KM 442,ARAPONGAL,11900000,Registro,SP,
15755113783,MARIANE DA SILVA 07912484965,9888,J,36031837000145,260411140,A,47991268592,,,,RUA FRANCISCO SCHMITZ,1889,PEDREIRAS,88373155,Navegantes,SC,
15749995143,USINA DE TRATAMENTO DE MADEIRA VAILATI LTDA-EPP,9611,J,10143680000156,255655959,A,4733450567,,,,RUA PEDRO RODRIGUES DA SILVA,100,MORRETES,88380000,Balneário Piçarras,SC,
15748871533,BORRACHARIA BR PNEUS LTDA,9594,J,11104868000158,255931212,A,(47) 3457-0070,,,,RODOVIA: BR 101,SN,ITAJUBA,88390000,Barra Velha,SC,
15746642081,KOHLER COMERCIO DE MALHAS E TECIDOS LTDA,9575,J,09486931000116,9043982335,A,4133851376,,,,Rua Doutor Bley Zornig - ate 18991900,1500,Boqueirao,81730350,Curitiba,PR,
15744194884,JLT INDUSTRIA TEXTIL LTDA,9555,J,12764052000113,256251690,A,(47) 99240-2481,,,,RUA VEREADOR INACIO VICENTE COTA,90,SAO CRISTOVAO,88385000,Penha,SC,
15743060807,efa brasil,9540,J,13715272000110,256418268,A,4832386979,,,,RUA VEREADOR FREDERICO VERAS,466,PANTANAL,88040200,Florianópolis,SC,
15734805728,MAXLIFE INFORMATICA LTDA,9441,J,09501997000138,255646704,A,(47) 3345-6164,,,,AV ANTONIO JOAQUIM TAVARES,194,Centro,88385000,Penha,SC,
15731130991,MEGACO COMERCIO DE FERROS E METAIS LTDA,9408,J,13331104000120,256345759,A,(47) 3348-5565,,,,Avenida Irineu Bornhausen,786,Sao Joao,88305000,Itajaí,SC,
15731118376,EXCIM Importacao e Exportacao Ltda.,9407,J,02384871000777,256858853,A,(27) 3064-5900,,,,RODOVIA BR 101,21800,CORVETA,89245000,Araquari,SC,
15731061927,MG VIDROS AUTOMOTIVOS LTDA,9405,J,07571746003110,256780234,A,4721039850,,,,AV GOVERNADOR ADOLFO KONDER,1850,SAO VICENTE,88308002,Itajaí,SC,
15725502338,NILTON DA SILVA,9368,J,,ISENTO,A,,,,,,,,,,,
15721014130,MORETTI VIDROS LTDA,9306,J,07307813000178,254949100,A,4734560529,,,,AV VEREADOR JOSE LINO AVIZ,80,CENTRO,88390000,Barra Velha,SC,
15721004931,ADAR INDUSTRIA COMERCIO IMPORTACAO E EXPORTACAO LTDA.,9305,J,03442526000896,147718664119,A,1132025000,,,,RUA DOMINGOS MARCHETTI,192,JARDIM PEREIRA LEITE,02712150,São Paulo,SP,
15721003622,TIM S.A.,9304,J,02421421014333,9077215740,A,,,,,Rua Joao Bettega,5133,Cidade Industrial,81350000,Curitiba,PR,
15720802440,RODOPOSTO GPN COMERCIO DE COMBUSTIVEIS LTDA,9300,J,12974834000187,256274215,A,(47) 3345-4581,,,,RODOVIA BR 101,2042,NOSSA SENHORA DA PAZ,88380000,Balneário Piçarras,SC,
15720798268,MAURO ANTONIO MONTAGNA ME,9299,J,06206922000136,254747132,A,4734561125,,,,RUA EULALIA MICHEREFF,106,SAO CRISTOVAO,88390000,Barra Velha,SC,
15720780389,Lojas Colombo S.A Com. Util. Dom. - 482,9298,J,89848543069452,260508764,A,5432688513,,,,AV. NEREU RAMOS,85,CENTRO,88380000,Balneário Piçarras,SC,
15720778375,SOUTEX INDUSTRIA TEXTIL LTDA,9297,J,81875213000169,252032390,A,(47) 3436-0068,,,,RUA BOEHMERWALDT,452,BOEHMERWALDT,89232486,Joinville,SC,
15720767811,POSTO PONTE ACU LTDA,9295,J,84311190000158,250349140,A,(47) 3342-4087,,,,RODOVIA BR 101  KM 111,683,VOLTA GRANDE,88371898,Navegantes,SC,
15720740513,GABRIEL CAJAL LTDA,9293,J,44826313000179,261487205,A,,,,,AV MARGINAL LESTE,2120,CENTRO,88330116,Balneário Camboriú,SC,
15696348092,VIA VAREJO S/A,9053,J,33041260048604,77617566,A,,,,,AV AUTOMOVEL CLUB,7453,VL SANTA CRUZ,25255030,Duque de Caxias,RJ,
15696333826,MR PISOS E ACABAMENTOS EIRELI,9052,J,27386339000124,258284889,A,4730544747,,,,RUA BARAO DO RIO BRANCO,1000,CENTRO,89251400,Jaraguá do Sul,SC,
15694355420,ROVA ILUMINACAO LTDA,9007,J,33096672000100,260032590,A,4733481291,,,,AVENIDA: OSVALDO REIS,999,FAZENDINHA,88306001,Itajaí,SC,
15693958631,FOCO ENERGIA TECNOLOGIA E INOVACAO LTDA,8994,J,28744960000185,258466286,A,4936643739,,,,RODOVIA BR 282 KM 605,0,INDUSTRIAL,89874000,Maravilha,SC,
15690665656,TINTURARIA ESTAMPARIA PRIMOR LTDA,8953,J,43265578000182,165018633110,A,1934729400,,,,AVENIDA SAUDADE,200,CORDENONSI,13472520,Americana,SP,
15686694157,ADAR IND. COM. IMPORT. E EXPORT. LTDA.,8866,J,03442526000110,283246731,A,(67) 2105-8300,,,,AVENIDA GILBERTO CARLOS  BITTENCOURT,SN,DIST. INDUSTRIAL II,79613010,Três Lagoas,MS,
15675816820,LITORAL COMERCIO EXTERIOR LTDA,8671,J,05231614000106,082176523,A,02733208777,,,,ROD DARLY SANTOS,5150,DARLY SANTOS,29103300,Vila Velha,ES,
15666184916,GLOBAL DESPORTOS E PREMICOES LTDA - EPP,8462,J,09410948000190,255584059,A,4730463486,,,,RUA UMBELINO DAMASIO DE BRITO,"117, L03",CENTRO,88303050,Itajaí,SC,
15666147081,HAI AUTOMOVEIS LTDA,8459,J,05481897000489,254867251,A,(47) 2104-1000,,,,RODOVIA OSVALDO REIS,155,FAZENDINHA,88306001,Itajaí,SC,
15662820033,Piçarras Empreendimentos Imobiliários,8415,J,,ISENTO,A,,,,,,,,,,,
15656669304,SANTISTA TEXTIL S.A.,8272,J,61520607001835,687182139110,A,(15) 3205-9080,,,,Rd Antonio Romano Schincariol,km 118,Pederneiras,18276860,Tatuí,SP,
15648199067,SANCRIS LINHAS E FIOS LTDA,8115,J,80446990001288,261082248,A,(47) 3251-2222,,,,AV GERMANO FURBRINGER,n.979,SOUZA CRUZ,88354455,Brusque,SC,
15638595791,FERREIRA DIESEL - JVFS Bombas Injetoras Ltda ME,7976,J,08530383000111,255345143,A,(47) 3346-1881,,,,"Rodovia BR 101, Km 114",1590,Salseiros,88311550,Itajaí,SC,
15633854462,DISTRIBUIDORA MEDEIROS LTDA,7939,J,31773907000117,258854219,A,(47) 99110-1525,,,,RUA: EVARISTO LOPES DUTRA,1465,ITAJUBA,88390000,Barra Velha,SC,
15614438300,FGTS - Fundo de Garantia por Tempo de Serviço - oficial,7809,J,,,A,,,,,,,,,, ,
15609620161,RMC Transportes,7794,J,,,A,,,,,,,,,, ,
15607488280,G H Neves e CIA - Transportes,7788,J,,,A,,,,,,,,,, ,
15410596516,TELEFONICA BRASIL S.A.,7674,J,02558157083602,260615420,A,(11) 3130-4125,,,,ROD ANTONIO HEIL,1001,ITAIPAVA,88318112,Itajaí,SC,
15351614466,GH NEVES E CIA LTDA,7609,J,07656322000132,256311641,A,,,ricardo.paulo@ghtransporte.com.br,,Rua Francisco Reis,750,Cordeiros,88311710,Itajaí,SC,
15229911162,MM Tour Eventos,7381,J,,,A,,,,,,,,,,,
15197856229,Prefeitura Municipal de Itajaí - Codetran,7336,J,,,A,,,,,,,,,,,
15095546987,GRADA SOLUÇÕES VISUAL,7273,J,,,A,,,,,,,,,,,
15063484874,Marketplena Editora e Eventos LTDA,7237,J,42552334000118,9089881320,A,,(41) 9694-9556,janete@editoraplena.com.br,,Rua Janiópolis,245,Cidade Jardim,83.035-100,São José dos Pinhais,PR,
15020063871,MAXIMUS IMPRESSÕES DE RÓTULOS E ETIQUETAS LTDA,7189,J,43309436000170,261272640,A,(47) 3304-6063,,,,RUA SEBASTIAO VENANCIO FOSTER,001,NOVA BRASILIA - URBANO,88352520,Brusque,SC,
14993227168,Águas de Penha,7164,,,ISENTO,A,,,,,,,,,,,
14954613623,OI DIGITAL RADIOLOGIA E ODONTOLOGIA - EIRELI,7132,J,32320208000184,ISENTO,A,(51) 99918-3128,(51) 98183-0269,pescadoscarvalho@gmail.com,,R TIARAJU,555,CENTRO,95555000,Capão da Canoa,RS,
14949937543,39° CIOSP,7129,J,,,A,,,,,,,,,,,
14934321787,Tempo e Trabalho Gerenciamento de Recursos Humanos,7113,J,,,A,,,,,,,,,,,
14629301308,ELETROLAR ELETRICA E HIDRAULICA LTDA,6929,J,31713674000167,258845694,A,(47) 99190-5636,,,,Paula Simone Leger,45,Centro,88385000,Penha,SC,
14590526767,NOLDIN IMPRESSOES EIRELI,6905,J,72214752000166,252688031,A,(47) 3350-0992,,,,RUA JOAQUIM ZUCCO,546,NOVA BRASÍLIA,88.352-195,Brusque,SC,
14573354385,Prefeitura Municipal de Balneário Camboriú,6894,J,,,A,,,,,,,,,,,
14499886691,MAKRO CENTRAL DE AVIAMENTOS LTDA9,6858,J,,,A,,,,,,,,,,,
14320933352,Sizebay - Provador Anual,6775,J,,,A,,,,,Avenida Edgar Nelson Meister,1242,Zona Industrial Norte, 89219-501,Joinville,SC,
14025359925,Empréstimo Pronamp Caixa,6583,,,ISENTO,A,,,,,,,,,,,
13869280706,PARFF INDUSTRIA DE COSMETICOS LTDA,6470,J,30225681000157,258709286,A,(47) 99988-4701,(49) 4371-4986,,,Rua Siria,513,Nacoes,88338130,Balneário Camboriú,SC,
13853965076,MEDPROTED IND. E COM. DE ACESSORIOS DE SEGURANCA EIRELI,6464,J,38213148000187,260664243,A,(47) 3037-5945,,,,RUA GUTTENBERG,107,FORTALEZA,89056050,Blumenau,SC,
12542162669,Total Express,5837,,,ISENTO,A,,,,,,,,,,,
11866597528,M9 LOJA DE DEPARTAMENTOS LTDA,5489,J,29749891000165,258652675,A,,,,,RODOVIA ANTONIO HEIL,185,CENTRO II,88353100,Brusque,SC,
11815787379,Plaspen Embalagens,5469,J,,,A,(47) 3347-0298,,,,,,,,Penha,SC,
11540036966,FEDEX BRASIL LOGISTICA E TRANS,5206,J,10970887005244,255185715,A,1141337300,,,,Rua Doutor Pedro Zimmermann,391,ITOUPAVA CENTRAL,89010600,Blumenau,SC,
11343109309,DM limpeza de Vidros,4884,,,ISENTO,A,,,,,,,,,,,
11241272480,AVIAMENTOS BRUSQUE LTDA,4815,J,74183500000142,252783980,A,(47) 3351-2459,,,,AV. DOM JOAQUIM,n.601,MALUCHE,88354026,Brusque,SC,
11064201986,GNRE-Guia N. de Recolhimento de Tributos Estaduais-oficial,4688,J,,,A,,,,,,,,,,,
10769938014,VEEX MAQUINAS DE CAFÉ EIRELIf,4517,J,06127894000161,ISENTO,A,(47) 3360-0634,,veex@veex.com.br,,,,,,Balneário Camboriú,SC,
10481528140,DHOM INDUSTRIA E COMERCIO EIRELI,4438,J,24450248000201,260763276,A,,,,,Avenida do Estado Dalmo Vieira,1451,Pioneiros,88331150,Balneário Camboriú,SC,
10280281063,Eldorado Cartazes e Locações Ltda,4343,,,ISENTO,A,,,,,,,,,,,
9628029916,MAPFRE VIDA S.A,3936,J,54484753000149,,A,0800 775 7055,,,,,,,,, ,
9593834118,Chaveiro Mohr Junior,3911,J,18720760000139,,A,(47) 99137-1140,(47) 99737-1140,,,,,,,Balneário Piçarras,SC,
9196901942,Emprestimo Credifoz,3638,,,ISENTO,A,,,,,,,,,,,
9119017261,Maron Limpeza de Vidros Residencial e Comercial,3594,F,,,A,,(47) 99207-4090,,,,,,,, ,
9088791746,Huggy Tecnologia/AmoCRM/ Gupshup,3562,J,23884936000128,ISENTO,A,,,financeiro@huggy.io,,,,,,,SC,
8793158131,Ana Maria Duarte Fazio (Costureira),3366,F,05962696921,,A,,,,,RUA DAS HORTENCIAS,215,centro,88380000,Balneário Piçarras,SC,
8697495267,RM Certificado Digital,3298,J,,ISENTO,A,,,contato@rmcertificados.com.br,,,,,,,,
8462101545,DETRAN SC - Oficial,3085,J,,ISENTO,A,,,,,,,,,,,
8025257342,Emprestimo Sicredi - Oficial,2812,J,,ISENTO,A,,,,,,,,,, ,
8016245572,TIX Produtos de Higiene e Limpeza,2807,,21602302000100,,A,4730214734,,,,,,,,,,
7893472450,CORREIO-EMPRESA BRASILEIRA DE CORREIOS E TELEGRAFOS,2718,,34028316217277,,A,(48) 3251-8752,,,,,,,,,,
7734649168,Kalunga Com. E Ind. Gráfica Ltda.,2657,,43283811014371,,A,(11) 3346-9966,,,,,,,,,,
7609243262,COMANDOLLI COMERCIO DE EMBALAGENS LTDA,2476,J,22458084000144,257648429,A,(47) 3351-6176,,,,Rodovia Deputado Antonio Heil,177,Centro II,88353100,Brusque,SC,
7504618784,Corpo de Bombeiros Militar,2351,,,ISENTO,A,,,,,,,,,,,
7295997462,Coretex Indústria Têxtil Ltda,2160,J,83445288000135,250524473,A,(47) 3255-8000,,,,Rodovia Antônio Heil Km 23,2751,Santa Terezinha,88352288,Brusque,SC,
7295916686,Ramatex Comércio de Tecidos e Aviamentos Ltda,2159,J,82700808000146,257924507,A,,,,,Rodovia Antônio Heil,2880,Nova Brasília,88352501,Brusque,SC,
7196964229,Bradesco Saúde S/A - oficial,2110,J,,ISENTO,A,,,,,,,,,,,
7116139430,VIVER METAIS EIRELI,2088,J,12837722000184,256250707,A,(48) 3267-2200,,,,PC GETULIO VARGAS,50,CENTRO,88270000,Nova Trento,SC,
7112700714,MANUFAT. PROD. PLASTICOS FLOREAL,2083,J,,104427835111,A,1133319936,,,,RUA TENENTE PENA,311,BOM RETIRO,01.127-020,São Paulo,SP,
7087980027,Linhas Setta LTDA,2071,J,60887189000108,635414289118,A,(11) 3206-7400,,,,Rua Elisha Otis,401,Cooperativa,09852075,São Bernardo do Campo,SP,
6813491202,OSR INDUSTRIA E COMERCIO LTDA,1882,J,,257924507,A,4733452582,,dana@danajalecos.com.br,,631 Rodovia Paulo Stuart Wright,631,Centro,88385000,Penha,SC,
6570586923,EDEN COMERCIO DE TECIDOS E CONFECCOES LTDA,1638,J,04035795000124,9021830272,A,(41) 3287-5848,,,,R DOUTOR BLEY ZORNIG,1601,BOQUEIRAO,81730350,Curitiba,PR,
6453355926,MAKRO CENTRAL DE AVIAMENTOS LTDA,1529,,00460986000506,,A,(47) 3517-0968,,,,,,,,,,
6385415972,ZR AVIAMENTOS LTDA,1476,J,05797637000174,254626505,A,(47) 3355-2459,,,,ROD. ANTONIO HEIL,n.177,CENTRO,88353100,Brusque,SC,
6308167244,Canaveral Produtos de Higiene e Limpeza,1393,J,07052432000195,255028148,A,(47) 3348-6300,,,,Jose Mariano Furtado,95,Dom Bosco,88307260,Itajaí,SC,
6279344574,SMART POINT LTDA - ME,1346,J,09213371000126,9042363143,A,(41) 3033-4060,(47) 3046-1952,,,R REINALDO JOSE MIRANDA,94,ALTO TARUMA,83325625,Pinhais,PR,
6247794774,FRANKENBERG IND E COM DE BOTOES LTDA,1304,J,92701788000181,1770129690,A,(51) 3470-3511,(51) 98140-3589,FRANKENBERG@FRANKENBERG.COM.BR,,RUA WILLY TEICHMANN,120,DIST. INDUSTRIAL,94930635,Cachoeirinha,RS,
6242455645,AZEVEDO E FLORIANI TELECOMUNICACOES LTDA,1302,J,09497846000153,255624735,A,(47) 3347-4300,,,,RUA MANOEL FIGUEIREDO,109,CENTRO,88380000,Balneário Piçarras,SC,
6165595312,JP CURSOS E TREINAMENTOS LTDA,1212,J,31074548000100,ISENTO,A,,,,,RUA DOUTOR JOÃO COLIN,1285,AMÉRICA,89204-001,Joinville,SC,
5800892310,EXCIM Importacao e Exportacao Ltda.,822,J,02384871000181,081947330,A,(27) 3064-5900,,,,Rua Herman Stern,136,Colina de Laranjeiras,29167081,Serra,ES,
5664181812,CIOSP - Congresso Internacional de Odontologia de São Paulo,673,J,,ISENTO,A,,,,,,,,,,,
5246929201,GRAF ZEPELIN IND. E COM. LTDA EPP,448,J,04071113000139,254114415,A,(47) 3350-1263,,,,Rua Edgar Von Buettner,349,Bateas,88355350,Brusque,SC,
5007593144,Futurize Automacao Industrial Ltda EPP.,310,J,06256066000123,254774580,A,(48) 3438-2322,,,,Avenida Universitaria,555,Universitario,88806000,Criciúma,SC,
4951271405,ECOPLUS INDÚSTRIA E COMÉRCIO DE PRODUTOS ECOLOGICOS LTDA,294,J,18916209000165,257157212,A,(47) 3397-6167,,marisa@ecoplus.ind.br,,Rua Nicolaus Barth,163,Badenfurt,89070230,Blumenau,SC,
4930581155,Vivo Telefonia Móvel,288,F,,ISENTO,A,,,,,,,,,,,
4861165235,Fiveltec Ind. Metais Ltda,263,J,00601672000152,214068546110,A,(18) 3649-2250,,financeiro@fiveltec.com.br,,Rua: Nagib Moyses Nakle ,41,Distrito Industrial,16206-003,Birigui,SP,
4771598066,Daniela Binhotti Santos+DENTAL/QUANTITY ORIGINAL,249,F,,,A,,,dana@danajalecos.com.br,,Rua Nereu Ramos,,Centro,,Balneário Piçarras,SC,
4624202675,Rocabella Trading.Imp.e Exp.Ltda,205,J,10932715000136,255913206,A,(47) 3349-6591,,,,rod.BR470 Ingo Hering,S/N,São Domingos,88370-888,Navegantes,SC,
3847825888,DANIELA BINHOTTI SANTOS - PF,92,F,03156619922,,A,(47) 9918-3317,(47) 9976-4331,daniela@danajalecos.com,,Rod. Sc 414,1322,NOSSA SENHORA DA PAZ,88380000,Balneário Piçarras,SC,
3306983056,Instituto Oral Esthetic,57,J,07270395000191,,A,(49) 3224-0838,(49) 98406-0272,oralesthetic@oralesthetic.com,,Rua Frei Rogério,237,Centro,88502160,Lages,SC,
3238813579,Simples Nacional,52,,,ISENTO,A,,,,,,,,,,,
3160503418,Celesc - Centrais Eletricas de Santa Catarina,26,J,,,A,,,,,,,,,,,
3159723928,Agemed Plano de Saude,24,F,,,A,,,,,,,,,,,
3088145857,Aluguel - Vera Lucia Folle,20,F,,,A,,,,,,,,,, ,
3087981826,Navecon Contabilidade e Assessoria,18,J,,ISENTO,A,(47) 3319-0420,,,,,,,,,,
3056442361,Banco Santander,17,F,,,A,,,,,,,,,,,
16347429795,JULIANA RIBEIRO CONFECÇÕES LTDA,17954,J,38146573000109,260683337,A,(48) 99930-3439,,,,JOÃO MARCHI,115,CEDRINHO,88358422,Brusque,SC,
15720802440,RODOPOSTO GPN COMERCIO DE COMBUSTIVEIS LTDA,9300,J,12974834000187,256274215,A,(47) 3345-4581,,,,RODOVIA BR 101,2042,NOSSA SENHORA DA PAZ,88380000,Balneário Piçarras,SC,
14629301308,ELETROLAR ELETRICA E HIDRAULICA LTDA,6929,J,31713674000167,258845694,A,(47) 99190-5636,,,,Paula Simone Leger,45,Centro,88385000,Penha,SC,
13821072379,OSR Industria e Comercio,6451,J,41707301000137,261040189,A,(47) 99183-3171,,,,Rod Paulo Stuart Wright,631,centro,88380000,Penha,SC,
